Product,Alternative,ImpactScore,Link,Description
"Plastic Toothbrush","Bamboo Toothbrush",9,"https://www.google.com/search?q=bamboo+toothbrush","Made from biodegradable bamboo handle."
"Plastic Straw","Stainless Steel Straw",8,"https://www.google.com/search?q=metal+straw","Reusable and durable metal straw."
"Plastic Water Bottle","Glass Water Bottle",10,"https://www.google.com/search?q=glass+water+bottle","Infinitely recyclable and chemical free."
"Styrofoam Cup","Paper Cup (Compostable)",7,"https://www.google.com/search?q=compostable+paper+cup","Better than styrofoam, verify lining."
"Plastic Bag","Cotton Tote Bag",9,"https://www.google.com/search?q=organic+cotton+tote+bag","Reusable thousands of times."
"Plastic Cling Wrap","Beeswax Wrap",9,"https://www.google.com/search?q=beeswax+wrap","Reusable natural food wrap."
"Disposable Razor","Safety Razor",10,"https://www.google.com/search?q=safety+razor","All metal, zero waste cartridge."
"Liquid Soap (Plastic Bottle)","Bar Soap",9,"https://www.google.com/search?q=shampoo+bar","Zero plastic packaging."
"Synthetic Sponge","Luffa Sponge",10,"https://www.google.com/search?q=luffa+sponge","100% plant based and compostable."
"Paper Towels","Swedish Dishcloth",9,"https://www.google.com/search?q=swedish+dishcloth","Replaces 17 rolls of paper towels."
"Plastic Cutlery","Bamboo Travel Cutlery",8,"https://www.google.com/search?q=bamboo+cutlery+set","Portable and reusable."
"Teflon Pan","Cast Iron Skillet",10,"https://www.google.com/search?q=cast+iron+skillet","Lasts forever, no toxic coating."
"Polyester Shirt","Organic Cotton Shirt",8,"https://www.google.com/search?q=organic+cotton+clothing","Natural fibers, no microplastics."
"Plastic Loofah","Natural Sea Sponge",10,"https://www.google.com/search?q=natural+sea+sponge","Harvested from ocean, biodegradable."
"Tea Bags (Plastic)","Loose Leaf Tea",9,"https://www.google.com/search?q=loose+leaf+tea","No microplastics in your drink."
